"job_id","job_title","salary_year_avg","job_posted_date","copmany_name","skills"
1803208,"Research Engineer - Credit Insight","200000.0","2023-04-07 18:27:55","Trusting Social","sql"
24675,"Staff Research Engineer","177283.0","2023-06-21 22:25:43","ServiceNow","nosql"
24675,"Staff Research Engineer","177283.0","2023-06-21 22:25:43","ServiceNow","azure"
24675,"Staff Research Engineer","177283.0","2023-06-21 22:25:43","ServiceNow","aws"
24675,"Staff Research Engineer","177283.0","2023-06-21 22:25:43","ServiceNow","spark"
24675,"Staff Research Engineer","177283.0","2023-06-21 22:25:43","ServiceNow","hadoop"
1719883,"Data Architect - Sustainability","155000.0","2023-12-21 13:38:35","LyondellBasell","sap"
1051496,"Analytics Engineer (L5) - Promotional Media - EMEA","147500.0","2023-07-13 18:16:22","Netflix","sql"
1051496,"Analytics Engineer (L5) - Promotional Media - EMEA","147500.0","2023-07-13 18:16:22","Netflix","python"
1051496,"Analytics Engineer (L5) - Promotional Media - EMEA","147500.0","2023-07-13 18:16:22","Netflix","scala"
1051496,"Analytics Engineer (L5) - Promotional Media - EMEA","147500.0","2023-07-13 18:16:22","Netflix","r"
1051496,"Analytics Engineer (L5) - Promotional Media - EMEA","147500.0","2023-07-13 18:16:22","Netflix","go"
348471,"Data Analyst, Reporting","111202.0","2023-01-02 08:29:05","Adyen","sql"
348471,"Data Analyst, Reporting","111202.0","2023-01-02 08:29:05","Adyen","python"
348471,"Data Analyst, Reporting","111202.0","2023-01-02 08:29:05","Adyen","r"
348471,"Data Analyst, Reporting","111202.0","2023-01-02 08:29:05","Adyen","vba"
348471,"Data Analyst, Reporting","111202.0","2023-01-02 08:29:05","Adyen","pyspark"
348471,"Data Analyst, Reporting","111202.0","2023-01-02 08:29:05","Adyen","airflow"
348471,"Data Analyst, Reporting","111202.0","2023-01-02 08:29:05","Adyen","hadoop"
348471,"Data Analyst, Reporting","111202.0","2023-01-02 08:29:05","Adyen","excel"
348471,"Data Analyst, Reporting","111202.0","2023-01-02 08:29:05","Adyen","tableau"
348471,"Data Analyst, Reporting","111202.0","2023-01-02 08:29:05","Adyen","looker"
751459,"Data Analyst","111175.0","2023-07-03 17:14:53","Lely","sql"
751459,"Data Analyst","111175.0","2023-07-03 17:14:53","Lely","pyspark"
751459,"Data Analyst","111175.0","2023-07-03 17:14:53","Lely","tableau"
1112483,"Material Master Data Analyst","111175.0","2023-02-14 18:42:48","Lucid Motors","excel"
1112483,"Material Master Data Analyst","111175.0","2023-02-14 18:42:48","Lucid Motors","word"
1112483,"Material Master Data Analyst","111175.0","2023-02-14 18:42:48","Lucid Motors","sap"
1112483,"Material Master Data Analyst","111175.0","2023-02-14 18:42:48","Lucid Motors","outlook"
1321251,"Data Analyst with Private banking background","111175.0","2023-07-08 16:16:59","Talan","power bi"
890587,"Data Analyst Team Leader","111175.0","2023-02-15 08:34:55","Ninja Van","sql"
890587,"Data Analyst Team Leader","111175.0","2023-02-15 08:34:55","Ninja Van","power bi"
138295,"Data Analyst, Developer Relations","111175.0","2023-01-26 03:04:13","Adyen","sql"
138295,"Data Analyst, Developer Relations","111175.0","2023-01-26 03:04:13","Adyen","python"
138295,"Data Analyst, Developer Relations","111175.0","2023-01-26 03:04:13","Adyen","r"
138295,"Data Analyst, Developer Relations","111175.0","2023-01-26 03:04:13","Adyen","go"
138295,"Data Analyst, Developer Relations","111175.0","2023-01-26 03:04:13","Adyen","matlab"
138295,"Data Analyst, Developer Relations","111175.0","2023-01-26 03:04:13","Adyen","looker"
245409,"SAP Data Analyst","111175.0","2023-07-08 04:17:27","Méthode Srl","sql"
245409,"SAP Data Analyst","111175.0","2023-07-08 04:17:27","Méthode Srl","oracle"
245409,"SAP Data Analyst","111175.0","2023-07-08 04:17:27","Méthode Srl","sap"
1324347,"Director of Business Intelligence","105300.0","2023-07-18 15:39:13","FareHarbor","sql"
1324347,"Director of Business Intelligence","105300.0","2023-07-18 15:39:13","FareHarbor","python"
1324347,"Director of Business Intelligence","105300.0","2023-07-18 15:39:13","FareHarbor","express"
1324347,"Director of Business Intelligence","105300.0","2023-07-18 15:39:13","FareHarbor","tableau"
1324347,"Director of Business Intelligence","105300.0","2023-07-18 15:39:13","FareHarbor","power bi"
312839,"Service Parts Data Analyst","105000.0","2023-06-22 18:28:14","Lucid Motors","excel"
312839,"Service Parts Data Analyst","105000.0","2023-06-22 18:28:14","Lucid Motors","sap"
312839,"Service Parts Data Analyst","105000.0","2023-06-22 18:28:14","Lucid Motors","powerpoint"
312839,"Service Parts Data Analyst","105000.0","2023-06-22 18:28:14","Lucid Motors","outlook"
312839,"Service Parts Data Analyst","105000.0","2023-06-22 18:28:14","Lucid Motors","ms access"
1549213,"Data Analyst Executive","102500.0","2023-03-14 19:28:18","Ninja Van","power bi"
834533,"Data Analyst - Product Team","102500.0","2023-04-28 20:19:24","Satispay","sql"
834533,"Data Analyst - Product Team","102500.0","2023-04-28 20:19:24","Satispay","python"
834533,"Data Analyst - Product Team","102500.0","2023-04-28 20:19:24","Satispay","r"
834533,"Data Analyst - Product Team","102500.0","2023-04-28 20:19:24","Satispay","tableau"
834533,"Data Analyst - Product Team","102500.0","2023-04-28 20:19:24","Satispay","looker"
156658,"Data Analyst","102500.0","2023-05-03 23:41:44","Adevinta","sql"
156658,"Data Analyst","102500.0","2023-05-03 23:41:44","Adevinta","python"
156658,"Data Analyst","102500.0","2023-05-03 23:41:44","Adevinta","azure"
156658,"Data Analyst","102500.0","2023-05-03 23:41:44","Adevinta","aws"
805174,"Data Analyst","100500.0","2023-05-26 09:30:41","iGenius","sql"
805174,"Data Analyst","100500.0","2023-05-26 09:30:41","iGenius","python"
805174,"Data Analyst","100500.0","2023-05-26 09:30:41","iGenius","r"
805174,"Data Analyst","100500.0","2023-05-26 09:30:41","iGenius","crystal"
805174,"Data Analyst","100500.0","2023-05-26 09:30:41","iGenius","bigquery"
805174,"Data Analyst","100500.0","2023-05-26 09:30:41","iGenius","tableau"
805174,"Data Analyst","100500.0","2023-05-26 09:30:41","iGenius","qlik"
431450,"Junior Data Analyst","100500.0","2023-08-15 22:28:02","Katalon","sql"
431450,"Junior Data Analyst","100500.0","2023-08-15 22:28:02","Katalon","python"
431450,"Junior Data Analyst","100500.0","2023-08-15 22:28:02","Katalon","looker"
431450,"Junior Data Analyst","100500.0","2023-08-15 22:28:02","Katalon","word"
726941,"Data Analyst - Vegetables","98500.0","2023-02-04 09:07:53","Syngenta Group","sql"
726941,"Data Analyst - Vegetables","98500.0","2023-02-04 09:07:53","Syngenta Group","python"
726941,"Data Analyst - Vegetables","98500.0","2023-02-04 09:07:53","Syngenta Group","java"
726941,"Data Analyst - Vegetables","98500.0","2023-02-04 09:07:53","Syngenta Group","r"
726941,"Data Analyst - Vegetables","98500.0","2023-02-04 09:07:53","Syngenta Group","c#"
726941,"Data Analyst - Vegetables","98500.0","2023-02-04 09:07:53","Syngenta Group","tableau"
726941,"Data Analyst - Vegetables","98500.0","2023-02-04 09:07:53","Syngenta Group","power bi"
726941,"Data Analyst - Vegetables","98500.0","2023-02-04 09:07:53","Syngenta Group","qlik"
726941,"Data Analyst - Vegetables","98500.0","2023-02-04 09:07:53","Syngenta Group","jira"
579207,"Data Analyst – ING Branches and Service","89204.0","2023-11-28 17:25:34","ING","sql"
579207,"Data Analyst – ING Branches and Service","89204.0","2023-11-28 17:25:34","ING","r"
579207,"Data Analyst – ING Branches and Service","89204.0","2023-11-28 17:25:34","ING","sas"
579207,"Data Analyst – ING Branches and Service","89204.0","2023-11-28 17:25:34","ING","excel"
579207,"Data Analyst – ING Branches and Service","89204.0","2023-11-28 17:25:34","ING","sas"
579207,"Data Analyst – ING Branches and Service","89204.0","2023-11-28 17:25:34","ING","cognos"
282160,"Data Management Analyst","89100.0","2023-03-23 04:28:25","Experian","sql"
282160,"Data Management Analyst","89100.0","2023-03-23 04:28:25","Experian","python"
282160,"Data Management Analyst","89100.0","2023-03-23 04:28:25","Experian","r"
282160,"Data Management Analyst","89100.0","2023-03-23 04:28:25","Experian","gdpr"
917772,"Senior Business Intelligence Engineer, SCP & EIM","89100.0","2023-03-28 06:23:13","Amazon.com","sql"
917772,"Senior Business Intelligence Engineer, SCP & EIM","89100.0","2023-03-28 06:23:13","Amazon.com","aws"
917772,"Senior Business Intelligence Engineer, SCP & EIM","89100.0","2023-03-28 06:23:13","Amazon.com","redshift"
917772,"Senior Business Intelligence Engineer, SCP & EIM","89100.0","2023-03-28 06:23:13","Amazon.com","tableau"
917772,"Senior Business Intelligence Engineer, SCP & EIM","89100.0","2023-03-28 06:23:13","Amazon.com","power bi"
917772,"Senior Business Intelligence Engineer, SCP & EIM","89100.0","2023-03-28 06:23:13","Amazon.com","qlik"
52153,"Financial Data Analyst","89100.0","2023-03-09 16:26:00","Adyen","sql"
52153,"Financial Data Analyst","89100.0","2023-03-09 16:26:00","Adyen","python"
52153,"Financial Data Analyst","89100.0","2023-03-09 16:26:00","Adyen","power bi"
52153,"Financial Data Analyst","89100.0","2023-03-09 16:26:00","Adyen","looker"
1578032,"NLP Expert (Natural Language Processing)","89100.0","2023-04-21 00:12:23","NRB Group","python"
1578032,"NLP Expert (Natural Language Processing)","89100.0","2023-04-21 00:12:23","NRB Group","java"
1578032,"NLP Expert (Natural Language Processing)","89100.0","2023-04-21 00:12:23","NRB Group","r"
1578032,"NLP Expert (Natural Language Processing)","89100.0","2023-04-21 00:12:23","NRB Group","flow"
823468,"Data Science Associate","89100.0","2023-03-28 11:56:04","Nielsen","python"
1338696,"Marketing Data Analyst","89100.0","2023-04-12 19:49:55","Adyen","sql"
1338696,"Marketing Data Analyst","89100.0","2023-04-12 19:49:55","Adyen","python"
623,"Data management Consultant / Power BI","89100.0","2023-08-15 14:33:38","Talan","power bi"
838735,"[CTG] Reporting and Finance Business Partner (Fluent English...","79200.0","2023-10-09 14:33:07","Bosch Group","java"
838735,"[CTG] Reporting and Finance Business Partner (Fluent English...","79200.0","2023-10-09 14:33:07","Bosch Group","sap"
802595,"[CTG] Controlling Officer (Pricing, Billing and Data Analysis)","79200.0","2023-06-30 22:21:43","Bosch Group","java"
802595,"[CTG] Controlling Officer (Pricing, Billing and Data Analysis)","79200.0","2023-06-30 22:21:43","Bosch Group","excel"
802595,"[CTG] Controlling Officer (Pricing, Billing and Data Analysis)","79200.0","2023-06-30 22:21:43","Bosch Group","power bi"
802595,"[CTG] Controlling Officer (Pricing, Billing and Data Analysis)","79200.0","2023-06-30 22:21:43","Bosch Group","sap"
474745,"SO Data Analyst","75550.0","2023-12-07 20:53:14","Bosch Group","sql"
474745,"SO Data Analyst","75550.0","2023-12-07 20:53:14","Bosch Group","python"
474745,"SO Data Analyst","75550.0","2023-12-07 20:53:14","Bosch Group","java"
474745,"SO Data Analyst","75550.0","2023-12-07 20:53:14","Bosch Group","sql server"
474745,"SO Data Analyst","75550.0","2023-12-07 20:53:14","Bosch Group","oracle"
474745,"SO Data Analyst","75550.0","2023-12-07 20:53:14","Bosch Group","sap"
724033,"Web / Data Analyst","74368.5","2023-12-29 15:19:00","DEPT®","javascript"
724033,"Web / Data Analyst","74368.5","2023-12-29 15:19:00","DEPT®","html"
724033,"Web / Data Analyst","74368.5","2023-12-29 15:19:00","DEPT®","css"
78932,"P2265 - Senior Clinical Data Manager","72900.0","2023-01-05 03:55:08","Debiopharm","gcp"
822487,"(Junior) Data Analyst","70500.0","2023-11-23 08:30:54","Vattenfall","matlab"
822487,"(Junior) Data Analyst","70500.0","2023-11-23 08:30:54","Vattenfall","excel"
822487,"(Junior) Data Analyst","70500.0","2023-11-23 08:30:54","Vattenfall","power bi"
169765,"Databricks Internship | Interview Questions & Salary Details","67000.0","2023-12-28 17:19:54","Databricks","sql"
169765,"Databricks Internship | Interview Questions & Salary Details","67000.0","2023-12-28 17:19:54","Databricks","python"
169765,"Databricks Internship | Interview Questions & Salary Details","67000.0","2023-12-28 17:19:54","Databricks","scala"
169765,"Databricks Internship | Interview Questions & Salary Details","67000.0","2023-12-28 17:19:54","Databricks","java"
169765,"Databricks Internship | Interview Questions & Salary Details","67000.0","2023-12-28 17:19:54","Databricks","databricks"
169765,"Databricks Internship | Interview Questions & Salary Details","67000.0","2023-12-28 17:19:54","Databricks","spark"
752908,"Strategic Insight & Business Intelligence Specialist","64800.0","2023-12-12 13:47:24","Japan Tobacco International","excel"
752908,"Strategic Insight & Business Intelligence Specialist","64800.0","2023-12-12 13:47:24","Japan Tobacco International","qlik"
752908,"Strategic Insight & Business Intelligence Specialist","64800.0","2023-12-12 13:47:24","Japan Tobacco International","powerpoint"
853453,"Bi Analyst","63000.0","2023-01-25 14:04:04","OpenUp","sql"
853453,"Bi Analyst","63000.0","2023-01-25 14:04:04","OpenUp","tableau"
226771,"Application Developer & Data Analyst","57500.0","2023-06-17 16:01:00","Bosch Group","sql"
226771,"Application Developer & Data Analyst","57500.0","2023-06-17 16:01:00","Bosch Group","java"
226771,"Application Developer & Data Analyst","57500.0","2023-06-17 16:01:00","Bosch Group","c#"
226771,"Application Developer & Data Analyst","57500.0","2023-06-17 16:01:00","Bosch Group","oracle"
821309,"Junior Data Analyst (f|m|d) (100%) - Zurich - Hybrid Work","57500.0","2023-07-21 22:04:23","SMG Swiss Marketplace Group","r"
821309,"Junior Data Analyst (f|m|d) (100%) - Zurich - Hybrid Work","57500.0","2023-07-21 22:04:23","SMG Swiss Marketplace Group","linux"
821309,"Junior Data Analyst (f|m|d) (100%) - Zurich - Hybrid Work","57500.0","2023-07-21 22:04:23","SMG Swiss Marketplace Group","windows"
821309,"Junior Data Analyst (f|m|d) (100%) - Zurich - Hybrid Work","57500.0","2023-07-21 22:04:23","SMG Swiss Marketplace Group","looker"
861825,"Production Enginer & Data Analyst Subsea Rock Installation","57500.0","2023-08-17 12:21:28","Boskalis","python"
861825,"Production Enginer & Data Analyst Subsea Rock Installation","57500.0","2023-08-17 12:21:28","Boskalis","excel"
713370,"Project Manager / BA Migration + ETL","56700.0","2023-04-08 07:38:53","Synechron","sql"
713370,"Project Manager / BA Migration + ETL","56700.0","2023-04-08 07:38:53","Synechron","excel"
640865,"CRM Administrator / Business Intelligence Manager (100%) (m/f/d)","56700.0","2023-08-15 11:33:33","Teylor","sql"
338855,"Data Analyst","53014.0","2023-05-10 09:23:49","SGS","python"
338855,"Data Analyst","53014.0","2023-05-10 09:23:49","SGS","r"
338855,"Data Analyst","53014.0","2023-05-10 09:23:49","SGS","go"
338855,"Data Analyst","53014.0","2023-05-10 09:23:49","SGS","excel"
1614608,"Junior Data Analyst","53014.0","2023-03-02 12:28:43","GeoComply","sql"
1614608,"Junior Data Analyst","53014.0","2023-03-02 12:28:43","GeoComply","windows"
1614608,"Junior Data Analyst","53014.0","2023-03-02 12:28:43","GeoComply","macos"
1614608,"Junior Data Analyst","53014.0","2023-03-02 12:28:43","GeoComply","tableau"
1614608,"Junior Data Analyst","53014.0","2023-03-02 12:28:43","GeoComply","power bi"
1000037,"Data Analyst - Accounting SQL","53014.0","2023-03-04 21:26:08","AUTO1 Group","sql"
1000037,"Data Analyst - Accounting SQL","53014.0","2023-03-04 21:26:08","AUTO1 Group","python"
1000037,"Data Analyst - Accounting SQL","53014.0","2023-03-04 21:26:08","AUTO1 Group","javascript"
1000037,"Data Analyst - Accounting SQL","53014.0","2023-03-04 21:26:08","AUTO1 Group","vba"
1000037,"Data Analyst - Accounting SQL","53014.0","2023-03-04 21:26:08","AUTO1 Group","excel"
1000037,"Data Analyst - Accounting SQL","53014.0","2023-03-04 21:26:08","AUTO1 Group","tableau"
171024,"Data Analyst","53014.0","2023-05-09 18:47:11","GeoComply","sql"
171024,"Data Analyst","53014.0","2023-05-09 18:47:11","GeoComply","windows"
171024,"Data Analyst","53014.0","2023-05-09 18:47:11","GeoComply","macos"
171024,"Data Analyst","53014.0","2023-05-09 18:47:11","GeoComply","tableau"
171024,"Data Analyst","53014.0","2023-05-09 18:47:11","GeoComply","power bi"
753590,"Internal Audit Data Analyst","53014.0","2023-03-02 13:26:38","Adyen","sql"
753590,"Internal Audit Data Analyst","53014.0","2023-03-02 13:26:38","Adyen","python"
1181344,"Data Analyst for Consumer Sensors","53014.0","2023-04-14 08:54:15","Bosch Group","python"
1181344,"Data Analyst for Consumer Sensors","53014.0","2023-04-14 08:54:15","Bosch Group","matlab"
1181344,"Data Analyst for Consumer Sensors","53014.0","2023-04-14 08:54:15","Bosch Group","spark"
1181344,"Data Analyst for Consumer Sensors","53014.0","2023-04-14 08:54:15","Bosch Group","hadoop"
1181344,"Data Analyst for Consumer Sensors","53014.0","2023-04-14 08:54:15","Bosch Group","tableau"
491554,"Junior Data Analyst","53014.0","2023-05-05 11:33:44","Octopus Energy","python"
1556441,"AdTech Data Analyst","51014.0","2023-02-03 15:51:33","Publicis Groupe","bigquery"
1412943,"Junior Supply Chain & Data Analyst (PreMaster Programm)","51014.0","2023-02-19 00:32:41","Bosch Group","julia"
936174,"Big Data Analyst for Monitoring and Analytics Devops","51014.0","2023-01-23 21:54:48","CERN","shell"
936174,"Big Data Analyst for Monitoring and Analytics Devops","51014.0","2023-01-23 21:54:48","CERN","elasticsearch"
936174,"Big Data Analyst for Monitoring and Analytics Devops","51014.0","2023-01-23 21:54:48","CERN","kafka"
936174,"Big Data Analyst for Monitoring and Analytics Devops","51014.0","2023-01-23 21:54:48","CERN","kubernetes"
747162,"[SO] Data Analyst (EN)","51014.0","2023-02-23 21:37:17","Bosch Group","sql"
747162,"[SO] Data Analyst (EN)","51014.0","2023-02-23 21:37:17","Bosch Group","python"
747162,"[SO] Data Analyst (EN)","51014.0","2023-02-23 21:37:17","Bosch Group","java"
747162,"[SO] Data Analyst (EN)","51014.0","2023-02-23 21:37:17","Bosch Group","sql server"
747162,"[SO] Data Analyst (EN)","51014.0","2023-02-23 21:37:17","Bosch Group","oracle"
747162,"[SO] Data Analyst (EN)","51014.0","2023-02-23 21:37:17","Bosch Group","sap"
606304,"Data Analyst","48000.0","2023-05-31 07:22:36","BillEase","sql"
606304,"Data Analyst","48000.0","2023-05-31 07:22:36","BillEase","python"
606304,"Data Analyst","48000.0","2023-05-31 07:22:36","BillEase","r"
606304,"Data Analyst","48000.0","2023-05-31 07:22:36","BillEase","mongodb"
606304,"Data Analyst","48000.0","2023-05-31 07:22:36","BillEase","postgresql"
606304,"Data Analyst","48000.0","2023-05-31 07:22:36","BillEase","mongodb"
606304,"Data Analyst","48000.0","2023-05-31 07:22:36","BillEase","spark"
606304,"Data Analyst","48000.0","2023-05-31 07:22:36","BillEase","tableau"
606304,"Data Analyst","48000.0","2023-05-31 07:22:36","BillEase","power bi"
1129641,"Investment Data Analyst","45000.0","2023-01-10 15:47:48","Publicis Groupe","excel"
873033,"Business Intelligence Trainee","43200.0","2023-12-06 06:17:38","Sisal","sql"
873033,"Business Intelligence Trainee","43200.0","2023-12-06 06:17:38","Sisal","oracle"
873033,"Business Intelligence Trainee","43200.0","2023-12-06 06:17:38","Sisal","flutter"
873033,"Business Intelligence Trainee","43200.0","2023-12-06 06:17:38","Sisal","excel"
873033,"Business Intelligence Trainee","43200.0","2023-12-06 06:17:38","Sisal","qlik"
